Id,Name,Description,Price,Quantity,Type
1,Classic,"Potatoes and Cheese",5.25,10,Pierogie
2,Cheese,CHEESEY,5.75,10,Pierogie
3,Vegan,Cabbages,5,10,"Pierogie
"
4,"Inside Out Max","Caramlized onions and bacon",7.5,10,Pierogie
5,"Feeling Blue?","Our signature blueberry pierogies",5.5,30,Pierogie
6,Haram,"Pulled pork ",6.25,10,Pierogie
7,Classic,"Potatoes and Pees with Spices",3.25,10,Samosa
8,Paneer,"Cheesey goodness",5,10,Samosa
9,Samishas,"Lamb Tikka",6.5,10,Samosa
10,"Hindu Sacrilige",Beef,7,10,Samosa
11,Spanokopia,"Spinach and Cottage cheese",5.25,10,Samosa
12,"Tamarind Sauce","Traditional tamarind dipping sauce",0.5,100,Sauce
13,"Sour Cream ","Home made Sour Cream",0.5,100,Sauce
